{
  "scroll_timeline": {
    "average_frame_build_time_millis": 0.627,
    "90th_percentile_frame_build_time_millis": 0.798,
    "99th_percentile_frame_build_time_millis": 1.599,
    "worst_frame_build_time_millis": 5.616,
    "missed_frame_build_budget_count": 0,
    "average_frame_rasterizer_time_millis": 3.143,
    "90th_percentile_frame_rasterizer_time_millis": 3.826,
    "99th_percentile_frame_rasterizer_time_millis": 18.231,
    "worst_frame_rasterizer_time_millis": 35.652,
    "average_layer_cache_count": 0.0,
    "90th_percentile_layer_cache_count": 0,
    "99th_percentile_layer_cache_count": 0,
    "worst_layer_cache_count": 0,
    "average_layer_cache_memory": 0.0,
    "90th_percentile_layer_cache_memory": 0.0,
    "99th_percentile_layer_cache_memory": 0.0,
    "worst_layer_cache_memory": 0.0,
    "average_picture_cache_count": 0.90625,
    "90th_percentile_picture_cache_count": 1,
    "99th_percentile_picture_cache_count": 1,
    "worst_picture_cache_count": 1,
    "average_picture_cache_memory": 7.978777885437012,
    "90th_percentile_picture_cache_memory": 8.804168701171875,
    "99th_percentile_picture_cache_memory": 8.804168701171875,
    "worst_picture_cache_memory": 8.804168701171875,
    "missed_frame_rasterizer_budget_count": 2,
    "frame_count": 64,
    "frame_build_times": [
      1599,
      1355,
      301,
      823,
      575,
      798,
      480,
      519,
      460,
      505,
      495,
      436,
      456,
      456,
      479,
      512,
      551,
      525,
      499,
      475,
      533,
      438,
      535,
      446,
      490,
      538,
      531,
      534,
      481,
      669,
      482,
      475,
      431,
      496,
      504,
      512,
      526,
      464,
      524,
      544,
      535,
      421,
      585,
      436,
      487,
      472,
      738,
      5616,
      681,
      895,
      775,
      863,
      520,
      577,
      474,
      527,
      529,
      634,
      511,
      506,
      272,
      202,
      225,
      245
    ],
    "frame_rasterizer_times": [
      18231,
      3826,
      3560,
      3198,
      35652,
      7461,
      11449,
      2412,
      2022,
      1712,
      2000,
      2203,
      2309,
      1692,
      2218,
      2079,
      1750,
      1821,
      2029,
      2033,
      1818,
      1733,
      1588,
      2049,
      1767,
      2023,
      1768,
      1707,
      1773,
      1661,
      1734,
      2279,
      1875,
      1739,
      1929,
      1694,
      3366,
      1878,
      2140,
      2121,
      1856,
      1684,
      1955,
      2119,
      1648,
      3138,
      2689,
      3883,
      2645,
      3476,
      3730,
      2080,
      1907,
      1616,
      1604,
      1765,
      1979,
      1606,
      3955,
      1632,
      1910,
      1764,
      1080,
      1145
    ],
    "new_gen_gc_count": 4,
    "old_gen_gc_count": 0
  }
}